[
  {
    "url": "http://duckduckgogg42xjoc72x3sjasowoarfbgcmvfimaftt6twagswzczad.onion/",
    "title": "DuckDuckGo - Protection. Privacy. Peace of mind.",
    "content": "",
    "timestamp": 1746793757.4969344
  },
  {
    "url": "http://4kmkovyp3z7mfpwdpuxi72zvmlp2svx5u5vi4jfdww7vvxmzuj6cogid.onion/",
    "title": "Shop - DRUGS FOR SALE | BUY DRUGS ONLINE | BUY FIREARMS | GUNS FOR SALE",
    "content": "\n\tShowing 1\u20139 of 129 results",
    "timestamp": 1746793776.88665
  },
  {
    "url": "http://fakeidagzfgv6aqpsajfjdm2645ohmvyfzw4hsetf5yxztwf43vaubqd.onion/",
    "title": "Fake Driver's License \u22c6 Buy Fake ID - Already21",
    "content": " Showing 1\u201312 of 42 results  Showing 1\u201312 of 42 results  Please compress your photo for fake id so that its size does not exceed 500Kb when uploaded Dismiss",
    "timestamp": 1746793807.4220114
  },
  {
    "url": "http://27ezycbe46rys7i56tm37q24zvbtepuanyj2egnfyv3czglksmhsukyd.onion/",
    "title": "Darknet Store \u2013 Worldwide shipping, best anonymity, escrow, shop. Lowest prices and high-quality products.",
    "content": "Worldwide shipping, best anonymity, escrow, shop. Lowest prices and high-quality products. \n\tShowing 1\u201312 of 36 results \n\tShowing 1\u201312 of 36 results For each comment left, we provide 20% discount coupon for next order! Reminder: all your orders are protected by escrow. Dismiss",
    "timestamp": 1746793831.5393891
  },
  {
    "url": "http://4kmkovyp3z7mfpwdpuxi72zvmlp2svx5u5vi4jfdww7vvxmzuj6cogid.onion",
    "title": "Shop - DRUGS FOR SALE | BUY DRUGS ONLINE | BUY FIREARMS | GUNS FOR SALE",
    "content": "\n\tShowing 1\u20139 of 129 results",
    "timestamp": 1746793845.059534
  }
]